{"accuracy": [0.5919129848480225, 0.5796806216239929, 0.5708460807800293, 0.5711858868598938, 0.5854570269584656, 0.5796806216239929, 0.5888549089431763, 0.5759429335594177, 0.5854570269584656, 0.589874267578125, 0.5806999802589417, 0.574923574924469, 0.5694869160652161, 0.5837580561637878, 0.5783214569091797], "loss": [1.378176212310791, 1.4036900997161865, 1.416447639465332, 1.387430191040039, 1.366527795791626, 1.3697569370269775, 1.3745590448379517, 1.3878179788589478, 1.3699396848678589, 1.3807023763656616, 1.3819611072540283, 1.3669936656951904, 1.4007506370544434, 1.3562344312667847, 1.3778787851333618], "val_accuracy": [0.65625, 0.65625, 0.6631944179534912, 0.6631944179534912, 0.6527777910232544, 0.6805555820465088, 0.6597222089767456, 0.6736111044883728, 0.6770833134651184, 0.6631944179534912, 0.65625, 0.6666666865348816, 0.6458333134651184, 0.6597222089767456, 0.65625], "val_loss": [1.311169981956482, 1.3471747636795044, 1.2871344089508057, 1.3239054679870605, 1.3215478658676147, 1.2543002367019653, 1.348504900932312, 1.279707431793213, 1.2324862480163574, 1.2817960977554321, 1.3325717449188232, 1.2929596900939941, 1.3488010168075562, 1.347346305847168, 1.2975187301635742]}