{"accuracy": [0.4403669834136963, 0.4597349762916565, 0.4644920229911804, 0.4604145288467407, 0.46177369356155396, 0.4797825217247009, 0.4638124406337738, 0.46211349964141846, 0.4784233868122101, 0.47366634011268616, 0.48419979214668274, 0.48521915078163147, 0.4865783154964447, 0.4954128563404083, 0.49949032068252563, 0.5083248615264893, 0.5103635787963867, 0.5137614607810974, 0.5001698732376099, 0.5168195962905884, 0.5158001780509949, 0.5164797902107239, 0.5154604315757751, 0.5341488122940063, 0.5324499011039734, 0.5497791171073914, 0.5409446358680725, 0.5497791171073914, 0.5524974465370178, 0.5477403998374939], "loss": [1.815656304359436, 1.7702312469482422, 1.75867760181427, 1.7715986967086792, 1.7501029968261719, 1.7167609930038452, 1.7334843873977661, 1.721389889717102, 1.6833431720733643, 1.6730538606643677, 1.6628575325012207, 1.649817705154419, 1.6439586877822876, 1.6265788078308105, 1.6305073499679565, 1.6168115139007568, 1.5927619934082031, 1.5810766220092773, 1.5967440605163574, 1.559932827949524, 1.5451847314834595, 1.532984972000122, 1.5415940284729004, 1.5017167329788208, 1.499218225479126, 1.4972931146621704, 1.4903935194015503, 1.4672610759735107, 1.457034707069397, 1.4545423984527588], "val_accuracy": [0.6180555820465088, 0.6006944179534912, 0.6701388955116272, 0.5798611044883728, 0.6423611044883728, 0.5902777910232544, 0.6458333134651184, 0.625, 0.6875, 0.6736111044883728, 0.5868055820465088, 0.6805555820465088, 0.6631944179534912, 0.6493055820465088, 0.6944444179534912, 0.6076388955116272, 0.6006944179534912, 0.6458333134651184, 0.6597222089767456, 0.6909722089767456, 0.6458333134651184, 0.7118055820465088, 0.6736111044883728, 0.6736111044883728, 0.6631944179534912, 0.6770833134651184, 0.71875, 0.6909722089767456, 0.6388888955116272, 0.6423611044883728], "val_loss": [1.2726731300354004, 1.3298462629318237, 1.1939036846160889, 1.31321120262146, 1.213181495666504, 1.2825578451156616, 1.1888296604156494, 1.2267167568206787, 1.138123631477356, 1.133530616760254, 1.2722705602645874, 1.098097562789917, 1.199041724205017, 1.1848316192626953, 1.0950186252593994, 1.3101104497909546, 1.2709617614746094, 1.1268686056137085, 1.145387053489685, 1.0627843141555786, 1.169135570526123, 1.0399439334869385, 1.1029397249221802, 1.0810681581497192, 1.1266719102859497, 1.0713995695114136, 0.9867957234382629, 1.0937459468841553, 1.1804970502853394, 1.1643931865692139]}